Sample_ID,Sport,Dport,Dur,TotPkts,TotBytes,SrcBytes,DstBytes,sRate,dRate,sLoad,dLoad,sMeanPktSz,dMeanPktSz,sJitter,dJitter,sHops,dHops,sTtl,dTtl,Proto_Code,State_Code,Mean_Pulse,Mean_SpO2,Mean_Temp,Mean_Blood_Pressure,Respiration_Rate,Mean_ECG,Tcp_Rtt,Ack_Dat,Syn_Ack,sLoss,dLoss,sWin,dWin,sAppBytes,dAppBytes,Label
NORM-0074,443.0,53.0,1.4369,18.0,11586.0,1563.0,1922.0,27.64,16.01,38048.56,38388.13,249.78,102.55,0.0151,0.0133,10.0,4.0,128.0,128.0,6.0,2.0,77.3,99.5,37.0,117.4,11.8,0.97,0.0243,0.0235,0.0341,0.0,0.0,65535.0,65535.0,1279.0,1655.0,0
NORM-0019,53.0,53.0,0.2677,17.0,14233.0,4513.0,2388.0,19.45,20.79,32812.42,42386.15,88.2,156.59,0.0208,0.0242,2.0,2.0,255.0,64.0,6.0,2.0,73.3,97.1,36.5,123.3,15.9,0.9,0.0386,0.0126,0.0256,0.0,0.0,65535.0,65535.0,3087.0,1721.0,0
NORM-0119,53.0,80.0,0.3062,34.0,9408.0,1863.0,837.0,11.03,5.46,27895.49,8054.88,175.98,210.26,0.0413,0.0162,13.0,8.0,255.0,128.0,6.0,2.0,61.2,98.3,36.5,128.7,18.4,1.01,0.0516,0.0136,0.0311,0.0,0.0,65535.0,65535.0,535.0,605.0,0
NORM-0079,443.0,443.0,0.2917,34.0,7387.0,4907.0,6620.0,23.35,9.17,43118.5,17640.82,221.83,105.92,0.0313,0.0464,2.0,4.0,64.0,255.0,6.0,2.0,54.6,96.5,36.1,112.5,14.2,0.72,0.0433,0.0314,0.015,0.0,0.0,65535.0,65535.0,2655.0,1808.0,0
NORM-0077,443.0,443.0,0.2266,11.0,5801.0,4063.0,5095.0,5.46,14.54,32556.46,27857.78,207.56,214.0,0.0359,0.006,13.0,7.0,128.0,128.0,6.0,2.0,54.8,96.1,36.6,104.5,16.9,0.78,0.0677,0.0374,0.012,0.0,0.0,65535.0,65535.0,3121.0,4661.0,0
NORM-0032,443.0,48384.0,0.8977,28.0,12148.0,1258.0,4364.0,10.41,13.94,16564.15,4436.77,65.67,125.83,0.0019,0.0091,10.0,11.0,255.0,255.0,6.0,2.0,85.8,97.1,36.9,133.5,16.0,0.88,0.0585,0.0111,0.0228,0.0,0.0,65535.0,65535.0,782.0,4960.0,0
NORM-0065,80.0,53.0,1.3366,15.0,3753.0,7221.0,3824.0,25.25,6.14,20366.5,33871.34,130.59,95.88,0.0106,0.0211,7.0,7.0,255.0,255.0,6.0,2.0,70.6,98.4,37.0,124.5,16.6,0.89,0.0272,0.0305,0.0314,0.0,0.0,65535.0,65535.0,4853.0,669.0,0
ATTK-0010,8080.0,80.0,1.2642,18.0,913.0,810.0,26571.0,25.69,18.19,9630.08,48680.76,1222.04,433.15,0.4122,0.6779,21.0,7.0,32.0,32.0,17.0,1.0,75.6,93.6,36.6,124.6,18.7,1.19,0.3053,0.3854,0.0832,1.0,7.0,1024.0,1024.0,6276.0,3970.0,1
NORM-0069,53.0,61331.0,0.0533,24.0,3926.0,7375.0,5098.0,19.09,15.89,3705.29,16324.14,224.37,65.87,0.0204,0.0473,13.0,1.0,128.0,255.0,6.0,2.0,70.8,99.0,36.6,107.5,16.8,0.78,0.0272,0.0131,0.006,0.0,0.0,65535.0,65535.0,1833.0,4800.0,0
NORM-0083,27700.0,80.0,4.0236,41.0,14666.0,2123.0,1630.0,12.54,4.75,20200.05,9808.07,189.21,94.45,0.0341,0.0139,8.0,5.0,128.0,128.0,6.0,2.0,87.3,97.6,36.2,110.1,17.3,0.92,0.073,0.017,0.0064,0.0,0.0,65535.0,65535.0,2909.0,2574.0,0
NORM-0111,80.0,443.0,0.642,11.0,9856.0,2076.0,2719.0,10.42,20.61,34655.63,24723.4,237.64,133.23,0.042,0.0047,7.0,11.0,64.0,255.0,6.0,2.0,85.8,98.0,36.8,116.0,14.1,0.81,0.0799,0.0222,0.0071,0.0,0.0,65535.0,65535.0,2365.0,3060.0,0
NORM-0013,443.0,53.0,1.3534,10.0,2784.0,3695.0,3553.0,15.42,9.58,19008.08,17121.27,122.22,132.1,0.0346,0.0155,12.0,14.0,255.0,255.0,6.0,2.0,85.9,97.1,37.0,137.4,16.9,0.97,0.0473,0.0272,0.0151,0.0,0.0,65535.0,65535.0,1048.0,3727.0,0
NORM-0037,20482.0,50869.0,1.1889,29.0,1819.0,3516.0,1309.0,12.61,17.27,5751.92,38215.07,177.18,163.05,0.0091,0.0134,7.0,3.0,64.0,255.0,6.0,2.0,66.6,98.6,37.0,104.6,16.8,0.87,0.0641,0.0122,0.038,0.0,0.0,65535.0,65535.0,2160.0,779.0,0
NORM-0010,53.0,443.0,0.3596,35.0,6751.0,449.0,6777.0,19.9,26.39,40413.68,21564.79,209.11,63.39,0.0063,0.0416,4.0,12.0,128.0,64.0,6.0,2.0,70.7,98.1,36.6,111.2,15.8,0.59,0.0418,0.0137,0.0133,0.0,0.0,65535.0,65535.0,4973.0,3780.0,0
NORM-0020,80.0,80.0,0.3889,13.0,4003.0,1123.0,4178.0,19.14,20.85,32749.48,29707.05,120.08,209.61,0.0279,0.0221,8.0,9.0,128.0,128.0,6.0,2.0,73.8,98.6,36.8,125.8,15.9,0.82,0.066,0.016,0.0343,0.0,0.0,65535.0,65535.0,2042.0,2571.0,0
NORM-0057,8080.0,53.0,2.5161,15.0,14599.0,3728.0,5051.0,17.07,14.95,19930.73,16910.36,134.39,77.05,0.0048,0.0392,11.0,7.0,64.0,255.0,6.0,2.0,83.8,96.1,37.0,101.3,19.7,0.94,0.0461,0.0378,0.0392,0.0,0.0,65535.0,65535.0,395.0,1334.0,0
NORM-0105,443.0,80.0,0.1979,44.0,1970.0,4874.0,3677.0,27.19,19.12,26527.81,19858.09,148.24,99.76,0.0413,0.0107,10.0,11.0,255.0,255.0,6.0,2.0,74.7,99.0,37.2,120.8,18.8,0.9,0.0565,0.0346,0.0398,0.0,0.0,65535.0,65535.0,1051.0,2216.0,0
NORM-0070,53.0,53.0,2.9072,42.0,8348.0,1181.0,3542.0,16.24,19.37,10875.21,40074.58,214.23,126.42,0.0294,0.0079,4.0,14.0,64.0,255.0,6.0,2.0,67.3,97.2,37.0,106.6,18.1,0.64,0.015,0.0396,0.0076,0.0,0.0,65535.0,65535.0,344.0,836.0,0
NORM-0056,50167.0,443.0,0.1675,8.0,12652.0,7520.0,1428.0,18.37,25.98,28804.96,18478.27,144.55,71.99,0.0485,0.0162,12.0,3.0,128.0,64.0,6.0,2.0,63.0,96.3,37.3,129.6,13.0,0.97,0.069,0.038,0.0094,0.0,0.0,65535.0,65535.0,4629.0,4019.0,0
ATTK-0001,8080.0,22.0,14.568,1014.0,1175973.0,950031.0,10180.0,724.67,17.78,2701810.22,26278.15,523.41,414.45,0.1682,0.1276,11.0,21.0,64.0,64.0,17.0,1.0,69.8,98.2,36.9,125.9,16.9,0.52,0.131,0.198,0.273,6.0,3.0,1024.0,1024.0,5670.0,2824.0,1
NORM-0030,53.0,443.0,0.147,26.0,6396.0,2152.0,3149.0,5.04,6.69,43275.46,1054.25,156.55,153.01,0.0173,0.0221,8.0,11.0,128.0,255.0,6.0,2.0,71.2,97.1,35.9,105.0,14.2,1.07,0.0332,0.0376,0.0067,0.0,0.0,65535.0,65535.0,2574.0,2411.0,0
NORM-0128,80.0,443.0,0.3494,44.0,2154.0,5164.0,2721.0,22.53,22.98,29920.45,7443.19,202.1,127.41,0.0016,0.0147,2.0,5.0,255.0,64.0,6.0,2.0,78.7,98.7,37.5,122.4,16.5,0.71,0.0236,0.0277,0.0219,0.0,0.0,65535.0,65535.0,1006.0,2308.0,0
NORM-0027,443.0,80.0,2.0906,40.0,3463.0,5562.0,959.0,13.55,21.22,40564.15,44944.71,116.31,137.51,0.0077,0.0292,3.0,14.0,255.0,255.0,6.0,2.0,58.2,97.4,36.6,138.5,15.7,1.1,0.0147,0.0121,0.0056,0.0,0.0,65535.0,65535.0,1648.0,2375.0,0
NORM-0129,80.0,53.0,0.1247,27.0,3132.0,517.0,1274.0,28.85,10.84,18405.01,15171.55,230.67,166.96,0.046,0.0157,2.0,2.0,255.0,128.0,6.0,2.0,77.5,98.8,36.8,127.8,12.5,0.98,0.029,0.0221,0.0063,0.0,0.0,65535.0,65535.0,1524.0,4059.0,0
NORM-0132,80.0,443.0,1.0667,19.0,1816.0,1282.0,6560.0,28.42,17.11,31215.31,13843.35,72.15,200.12,0.006,0.0052,12.0,5.0,64.0,64.0,6.0,2.0,75.9,98.5,36.5,106.5,17.7,0.88,0.0694,0.0227,0.0128,0.0,0.0,65535.0,65535.0,523.0,4731.0,0
ATTK-0014,80.0,22.0,1.7855,18.0,567.0,1044.0,20204.0,21.57,5.01,6865.13,19309.92,872.22,192.77,0.5081,0.2722,7.0,2.0,64.0,255.0,17.0,1.0,42.0,72.0,41.2,195.0,6.0,-1.2,0.3225,0.074,0.382,1.0,1.0,1024.0,1024.0,9906.0,2157.0,1
NORM-0109,34424.0,443.0,0.6725,15.0,8681.0,657.0,2605.0,11.8,15.04,9894.63,24303.51,194.27,169.31,0.0056,0.0424,8.0,3.0,64.0,255.0,6.0,2.0,80.0,98.7,36.2,121.4,12.5,0.81,0.0258,0.0303,0.0343,0.0,0.0,65535.0,65535.0,720.0,587.0,0
ATTK-0012,80.0,443.0,39.3663,2651.0,1099950.0,891268.0,26362.0,1090.26,12.45,6281341.84,18592.41,256.41,173.88,0.7732,0.5164,18.0,8.0,32.0,255.0,6.0,1.0,69.9,96.4,37.3,126.2,19.2,0.85,0.2518,0.0979,0.4843,10.0,5.0,1024.0,1024.0,7748.0,2107.0,1
NORM-0046,53.0,44968.0,1.7769,42.0,6716.0,3399.0,2522.0,23.72,23.23,25071.61,40293.36,87.34,227.02,0.0057,0.0085,5.0,8.0,64.0,64.0,6.0,2.0,75.6,96.0,36.5,117.6,15.6,0.81,0.0676,0.0109,0.0101,0.0,0.0,65535.0,65535.0,512.0,4331.0,0
NORM-0031,53.0,443.0,0.1316,19.0,2762.0,556.0,6464.0,5.23,8.52,2532.89,5867.7,177.83,105.91,0.0289,0.0299,10.0,12.0,128.0,64.0,6.0,2.0,79.4,98.2,37.0,116.3,14.2,0.85,0.0743,0.0209,0.0261,0.0,0.0,65535.0,65535.0,4565.0,4926.0,0
NORM-0023,8080.0,443.0,0.8952,39.0,12778.0,6891.0,4608.0,21.23,20.08,38382.25,3556.77,129.66,162.51,0.0176,0.0424,5.0,7.0,128.0,255.0,6.0,2.0,88.3,97.8,36.7,112.5,13.9,0.66,0.0449,0.0236,0.0087,0.0,0.0,65535.0,65535.0,305.0,2113.0,0
NORM-0016,53.0,80.0,0.9934,32.0,14810.0,437.0,5137.0,28.78,6.84,42676.15,29031.25,83.17,171.77,0.0346,0.0016,2.0,7.0,255.0,255.0,6.0,2.0,62.0,97.6,36.5,124.4,17.0,0.89,0.0177,0.0399,0.0358,0.0,0.0,65535.0,65535.0,3485.0,1562.0,0
NORM-0066,8080.0,443.0,0.5959,22.0,7386.0,2208.0,2310.0,24.9,25.78,40333.31,12705.36,112.09,108.4,0.0076,0.0472,8.0,6.0,255.0,64.0,6.0,2.0,57.8,97.4,36.5,125.8,16.1,0.96,0.0248,0.0371,0.0348,0.0,0.0,65535.0,65535.0,1391.0,4272.0,0
NORM-0012,80.0,443.0,0.1905,31.0,8911.0,7611.0,3147.0,6.23,12.97,26663.89,5473.56,218.36,69.87,0.0463,0.0059,12.0,12.0,255.0,255.0,6.0,2.0,63.1,98.8,36.9,120.5,15.4,0.83,0.0475,0.023,0.035,0.0,0.0,65535.0,65535.0,4201.0,2421.0,0
NORM-0043,47342.0,80.0,1.4126,28.0,1129.0,4498.0,3040.0,26.88,18.65,22753.2,42181.25,222.26,121.22,0.0277,0.025,7.0,9.0,255.0,128.0,6.0,2.0,65.1,99.2,37.0,110.4,16.9,0.66,0.0635,0.0317,0.0218,0.0,0.0,65535.0,65535.0,3205.0,2390.0,0
ATTK-0015,8080.0,443.0,0.2344,5.0,1229.0,574.0,19144.0,31.14,8.25,2426.09,30213.53,156.54,280.42,0.614,0.3677,28.0,9.0,32.0,64.0,6.0,1.0,73.4,92.3,37.5,142.3,15.9,0.97,0.365,0.3515,0.2476,17.0,7.0,1024.0,1024.0,7176.0,4344.0,1
NORM-0052,53.0,53.0,1.9121,43.0,5709.0,935.0,2898.0,7.37,7.99,36432.58,18120.26,100.76,166.91,0.038,0.0136,8.0,12.0,255.0,255.0,6.0,2.0,77.2,98.3,37.4,134.5,15.3,0.91,0.0505,0.0052,0.0063,0.0,0.0,65535.0,65535.0,4691.0,3466.0,0
NORM-0028,53.0,80.0,0.405,40.0,14420.0,7713.0,5362.0,18.52,10.83,44952.84,11344.27,121.82,232.72,0.0269,0.0374,4.0,9.0,128.0,128.0,6.0,2.0,66.3,96.8,37.1,123.5,20.8,0.91,0.0654,0.0324,0.0203,0.0,0.0,65535.0,65535.0,4332.0,2486.0,0
NORM-0005,24652.0,53.0,3.0696,36.0,14562.0,2402.0,5539.0,22.92,14.78,14339.84,5241.2,231.49,146.6,0.0109,0.016,12.0,9.0,128.0,64.0,6.0,2.0,60.4,98.7,36.6,122.3,16.0,1.09,0.0555,0.008,0.0196,0.0,0.0,65535.0,65535.0,3977.0,399.0,0
NORM-0033,80.0,443.0,2.9251,22.0,2602.0,4752.0,6322.0,27.01,16.87,31467.81,13020.24,69.6,172.97,0.0154,0.0335,14.0,12.0,64.0,64.0,6.0,2.0,80.0,96.8,37.2,120.4,14.3,0.69,0.0377,0.0287,0.0304,0.0,0.0,65535.0,65535.0,3862.0,2921.0,0
ATTK-0011,8080.0,80.0,54.9092,6724.0,1849409.0,1601069.0,49621.0,684.21,15.81,2704091.85,40292.2,505.55,406.88,0.1151,0.0833,12.0,14.0,255.0,64.0,17.0,1.0,76.7,96.7,36.9,133.4,17.8,0.9,0.276,0.471,0.0518,10.0,1.0,1024.0,1024.0,2507.0,1270.0,1
NORM-0086,53.0,443.0,0.914,12.0,1285.0,5482.0,5483.0,24.98,18.46,42986.16,5306.86,112.43,138.69,0.0031,0.023,7.0,4.0,255.0,128.0,6.0,2.0,69.9,99.1,36.8,122.2,17.5,0.93,0.0452,0.0196,0.014,0.0,0.0,65535.0,65535.0,1997.0,2612.0,0
NORM-0087,80.0,80.0,1.8727,28.0,6670.0,4073.0,5837.0,11.42,27.27,39451.38,43574.09,219.25,87.0,0.0268,0.0093,4.0,12.0,64.0,128.0,6.0,2.0,71.2,99.3,37.9,123.9,14.6,0.75,0.0518,0.0336,0.0074,0.0,0.0,65535.0,65535.0,2642.0,2658.0,0
NORM-0017,51212.0,443.0,2.6648,31.0,2084.0,5573.0,6320.0,5.72,9.78,8008.07,35177.79,97.66,233.02,0.0332,0.0028,1.0,1.0,64.0,64.0,6.0,2.0,56.1,98.8,36.2,96.7,14.6,0.96,0.0749,0.032,0.0294,0.0,0.0,65535.0,65535.0,4135.0,4222.0,0
NORM-0011,55268.0,443.0,0.0884,25.0,9240.0,3119.0,1364.0,25.62,11.45,8049.72,41522.7,91.45,114.1,0.0085,0.0067,8.0,1.0,255.0,64.0,6.0,2.0,73.9,96.2,37.0,130.1,16.3,0.9,0.0453,0.0356,0.0348,0.0,0.0,65535.0,65535.0,2775.0,408.0,0
NORM-0082,80.0,80.0,2.665,15.0,1030.0,991.0,3386.0,26.07,11.77,24510.13,44034.01,150.23,84.88,0.0035,0.0473,14.0,4.0,255.0,128.0,6.0,2.0,66.7,97.5,37.0,120.1,14.4,0.87,0.0453,0.0351,0.0207,0.0,0.0,65535.0,65535.0,818.0,1541.0,0
ATTK-0002,8080.0,80.0,1.3506,14.0,1737.0,531.0,9738.0,29.67,12.33,16077.65,16850.74,1047.19,330.76,0.1513,0.3808,11.0,1.0,255.0,64.0,6.0,1.0,84.2,96.9,37.1,122.7,18.5,1.01,0.4639,0.4794,0.179,3.0,8.0,1024.0,1024.0,4851.0,4615.0,1
ATTK-0006,80.0,443.0,0.9297,16.0,995.0,1201.0,18087.0,15.12,15.28,39754.53,31175.87,465.86,168.97,0.7751,0.3794,1.0,15.0,64.0,255.0,17.0,1.0,180.0,84.0,41.2,65.0,6.0,2.8,0.7614,0.4591,0.4694,6.0,5.0,1024.0,1024.0,2871.0,2238.0,1
NORM-0076,80.0,443.0,1.9396,37.0,1108.0,568.0,6002.0,8.88,18.56,22789.71,20485.47,73.64,212.52,0.0448,0.0015,8.0,3.0,128.0,255.0,6.0,2.0,69.0,96.5,37.1,114.4,14.8,0.67,0.0767,0.0223,0.0155,0.0,0.0,65535.0,65535.0,4620.0,2490.0,0
NORM-0110,37617.0,27200.0,3.9448,26.0,10717.0,4395.0,4849.0,18.13,19.67,46036.37,5422.97,120.0,73.77,0.0473,0.0228,2.0,10.0,64.0,255.0,6.0,2.0,49.1,96.6,36.8,119.5,17.4,0.84,0.0348,0.0277,0.023,0.0,0.0,65535.0,65535.0,687.0,1446.0,0
NORM-0097,53.0,443.0,1.4731,39.0,9769.0,2391.0,5398.0,25.7,21.24,29722.64,15188.39,192.48,241.82,0.0298,0.0336,6.0,7.0,255.0,255.0,6.0,2.0,56.3,96.6,36.1,123.1,14.2,0.68,0.0134,0.0191,0.0254,0.0,0.0,65535.0,65535.0,3832.0,3008.0,0
NORM-0106,16125.0,53.0,1.5668,41.0,13962.0,1986.0,3003.0,19.14,6.54,12062.98,37990.63,135.35,134.88,0.0131,0.0251,8.0,12.0,128.0,255.0,6.0,2.0,78.6,98.0,36.1,128.2,14.8,0.79,0.043,0.0254,0.0225,0.0,0.0,65535.0,65535.0,783.0,2466.0,0
NORM-0067,443.0,443.0,3.736,28.0,5142.0,1152.0,4484.0,24.0,7.08,39261.08,42294.5,198.39,143.83,0.044,0.0268,14.0,11.0,64.0,255.0,6.0,2.0,52.7,96.4,36.2,120.5,15.8,1.03,0.0377,0.0325,0.037,0.0,0.0,65535.0,65535.0,4031.0,1384.0,0
NORM-0001,53.0,80.0,3.5771,11.0,10702.0,1931.0,1021.0,29.39,22.27,39517.15,6637.0,145.57,130.45,0.0464,0.0325,6.0,12.0,128.0,128.0,6.0,2.0,65.1,97.9,36.4,128.8,15.9,0.82,0.0348,0.039,0.0363,0.0,0.0,65535.0,65535.0,3454.0,3936.0,0
NORM-0123,443.0,443.0,2.2642,19.0,11889.0,6626.0,5422.0,12.91,8.93,23227.09,25059.79,234.63,226.22,0.0459,0.0427,6.0,14.0,64.0,128.0,6.0,2.0,75.2,96.3,36.7,120.1,17.5,0.65,0.0772,0.0316,0.0274,0.0,0.0,65535.0,65535.0,487.0,3444.0,0
NORM-0068,53.0,53.0,0.5664,37.0,3477.0,2960.0,5648.0,29.02,21.32,45975.14,44304.15,126.89,181.26,0.0242,0.0493,4.0,2.0,128.0,128.0,6.0,2.0,72.0,97.0,36.5,119.1,12.8,0.87,0.0311,0.032,0.0168,0.0,0.0,65535.0,65535.0,1329.0,3110.0,0
NORM-0029,62305.0,53.0,1.1608,32.0,13616.0,2429.0,5598.0,9.63,17.49,5992.81,29728.57,241.52,157.42,0.0222,0.0028,14.0,14.0,255.0,64.0,6.0,2.0,65.7,96.9,36.4,110.8,15.6,1.02,0.0136,0.0089,0.0185,0.0,0.0,65535.0,65535.0,3932.0,490.0,0
NORM-0041,80.0,53.0,3.4398,29.0,1371.0,7908.0,3367.0,27.31,21.99,49598.58,24382.21,185.4,117.47,0.0474,0.019,11.0,11.0,128.0,128.0,6.0,2.0,74.8,98.5,36.8,121.3,17.6,0.84,0.034,0.0193,0.0204,0.0,0.0,65535.0,65535.0,1440.0,803.0,0
NORM-0045,80.0,443.0,2.1653,17.0,4642.0,4018.0,6240.0,21.59,6.68,41793.93,8759.68,140.46,164.92,0.0255,0.0346,12.0,10.0,64.0,255.0,6.0,2.0,81.8,96.3,37.0,129.7,18.5,1.02,0.0397,0.0068,0.0285,0.0,0.0,65535.0,65535.0,3862.0,1896.0,0
NORM-0061,80.0,7458.0,0.3476,18.0,3606.0,3403.0,2322.0,18.23,25.19,38266.76,32158.93,93.28,127.96,0.0244,0.0082,6.0,4.0,64.0,64.0,6.0,2.0,71.8,97.9,36.4,116.5,13.8,0.9,0.0624,0.0335,0.0207,0.0,0.0,65535.0,65535.0,2308.0,4138.0,0
NORM-0124,443.0,53.0,0.5661,8.0,14115.0,2538.0,2391.0,11.38,21.07,33165.99,20857.15,180.16,90.3,0.034,0.0143,14.0,4.0,128.0,64.0,6.0,2.0,76.2,97.2,37.4,130.0,14.1,0.71,0.019,0.0291,0.038,0.0,0.0,65535.0,65535.0,797.0,2248.0,0
NORM-0025,8080.0,53.0,2.7705,23.0,14571.0,1215.0,6898.0,12.21,21.61,37749.19,16245.69,83.54,67.78,0.0391,0.025,13.0,14.0,255.0,128.0,6.0,2.0,57.8,97.4,36.6,132.7,14.7,0.75,0.0747,0.0338,0.0063,0.0,0.0,65535.0,65535.0,464.0,1988.0,0
NORM-0026,80.0,443.0,1.7047,36.0,10928.0,5393.0,5506.0,26.64,21.75,40242.71,3154.4,104.56,178.16,0.043,0.0012,14.0,8.0,64.0,255.0,6.0,2.0,75.8,97.4,36.6,133.6,13.9,0.49,0.0344,0.0349,0.0155,0.0,0.0,65535.0,65535.0,3606.0,3033.0,0
NORM-0024,65419.0,53.0,0.6571,8.0,5611.0,2805.0,1664.0,5.62,26.26,22962.16,14531.54,173.71,61.39,0.0146,0.0354,8.0,9.0,255.0,255.0,6.0,2.0,82.7,97.7,36.7,123.6,11.2,0.68,0.0647,0.0353,0.009,0.0,0.0,65535.0,65535.0,2634.0,3715.0,0
NORM-0095,80.0,53036.0,0.4004,29.0,2699.0,3835.0,4979.0,26.19,9.7,8379.43,1379.16,68.98,204.83,0.0494,0.0032,5.0,11.0,64.0,64.0,6.0,2.0,83.8,98.6,36.0,118.1,17.6,0.7,0.028,0.0116,0.0093,0.0,0.0,65535.0,65535.0,2076.0,2865.0,0
NORM-0040,53.0,4513.0,2.1258,38.0,3809.0,2000.0,6496.0,15.95,19.34,1113.13,44708.21,113.37,71.79,0.0235,0.0073,7.0,3.0,255.0,128.0,6.0,2.0,73.8,99.2,36.4,109.6,18.2,0.79,0.052,0.0215,0.0383,0.0,0.0,65535.0,65535.0,2722.0,1845.0,0
NORM-0096,8080.0,15307.0,2.6643,25.0,13474.0,3362.0,5718.0,11.18,17.34,15573.19,15510.56,237.07,189.56,0.0488,0.0214,3.0,8.0,255.0,128.0,6.0,2.0,83.8,96.8,36.6,111.2,17.6,0.68,0.0239,0.0318,0.0084,0.0,0.0,65535.0,65535.0,935.0,4521.0,0
NORM-0118,443.0,443.0,0.0118,20.0,4320.0,5576.0,6432.0,24.93,27.28,5937.31,27055.86,108.86,163.16,0.0167,0.0149,3.0,9.0,255.0,64.0,6.0,2.0,67.7,98.3,36.8,131.4,16.0,0.67,0.0558,0.0299,0.0301,0.0,0.0,65535.0,65535.0,3137.0,4400.0,0
NORM-0048,443.0,12870.0,4.7181,43.0,13194.0,3854.0,1669.0,10.52,19.75,15165.1,33327.91,167.62,164.67,0.0416,0.0358,7.0,1.0,128.0,64.0,6.0,2.0,62.8,97.7,36.8,110.0,15.8,0.61,0.0493,0.0185,0.0145,0.0,0.0,65535.0,65535.0,834.0,2705.0,0
NORM-0098,53.0,53.0,0.49,18.0,12021.0,6468.0,4523.0,18.44,18.55,5958.47,13018.89,160.21,225.87,0.0343,0.0054,6.0,9.0,64.0,64.0,6.0,2.0,60.5,98.9,37.3,112.6,14.7,0.94,0.0705,0.0303,0.0232,0.0,0.0,65535.0,65535.0,1471.0,1967.0,0
NORM-0114,53.0,18678.0,4.7909,43.0,6929.0,1918.0,5335.0,16.45,13.95,26738.88,14979.78,79.81,138.82,0.0071,0.0211,10.0,8.0,64.0,255.0,6.0,2.0,72.9,98.2,36.0,122.8,13.2,0.75,0.0292,0.019,0.0235,0.0,0.0,65535.0,65535.0,2777.0,204.0,0
NORM-0034,53.0,47317.0,2.4059,42.0,8107.0,7563.0,482.0,24.9,16.49,20990.11,5139.17,229.03,135.05,0.0344,0.0083,6.0,14.0,64.0,64.0,6.0,2.0,83.5,99.0,36.9,108.4,11.8,0.57,0.0715,0.0183,0.0231,0.0,0.0,65535.0,65535.0,626.0,3760.0,0
ATTK-0007,3128.0,443.0,33.7833,7674.0,1320912.0,1449971.0,10754.0,876.39,15.18,1956943.46,25169.54,890.64,21.19,0.692,0.5075,22.0,11.0,32.0,64.0,17.0,1.0,66.9,96.1,37.2,139.3,18.4,1.15,0.1005,0.3402,0.3732,1.0,5.0,1024.0,1024.0,7440.0,2507.0,1
NORM-0102,53.0,49943.0,0.3605,28.0,10637.0,7942.0,565.0,11.56,15.13,2518.74,28177.46,188.88,201.88,0.0263,0.0306,5.0,6.0,128.0,64.0,6.0,2.0,85.7,98.3,37.1,121.2,14.8,0.85,0.0679,0.0241,0.0267,0.0,0.0,65535.0,65535.0,1455.0,3544.0,0
NORM-0063,80.0,443.0,4.6372,25.0,7819.0,4138.0,3088.0,19.2,17.25,41994.04,5780.91,102.78,210.67,0.0425,0.0497,10.0,13.0,64.0,255.0,6.0,2.0,78.7,97.4,36.8,133.6,15.5,0.58,0.049,0.0154,0.0109,0.0,0.0,65535.0,65535.0,1273.0,1136.0,0
NORM-0085,80.0,80.0,0.9796,44.0,5613.0,2996.0,2564.0,7.24,4.6,10903.6,34292.57,248.25,236.42,0.0257,0.0271,14.0,5.0,64.0,255.0,6.0,2.0,73.6,99.0,36.9,128.2,16.2,0.97,0.0316,0.0375,0.0083,0.0,0.0,65535.0,65535.0,4649.0,4972.0,0
ATTK-0017,80.0,22.0,0.5473,19.0,1002.0,1109.0,47990.0,22.62,5.01,9853.54,42896.55,775.92,63.27,0.5878,0.2376,24.0,25.0,255.0,255.0,6.0,1.0,73.7,96.6,37.0,109.0,18.0,0.68,0.3751,0.1677,0.1752,1.0,9.0,1024.0,1024.0,2403.0,867.0,1
NORM-0054,26164.0,80.0,1.8009,31.0,14746.0,5943.0,4407.0,15.62,12.88,21463.35,6209.56,211.0,219.17,0.0149,0.0159,11.0,13.0,64.0,64.0,6.0,2.0,75.0,97.6,37.3,112.4,14.9,0.85,0.0533,0.0064,0.0212,0.0,0.0,65535.0,65535.0,4813.0,2706.0,0
NORM-0006,8080.0,80.0,0.4415,33.0,2268.0,1731.0,4278.0,9.26,26.2,29472.0,16262.27,172.27,64.33,0.048,0.0246,7.0,11.0,64.0,64.0,6.0,2.0,88.0,97.7,37.0,110.1,11.7,0.89,0.0332,0.0232,0.0204,0.0,0.0,65535.0,65535.0,1565.0,303.0,0
NORM-0094,80.0,36120.0,0.3307,25.0,8585.0,6236.0,3213.0,24.89,15.73,25532.38,44520.05,88.52,217.83,0.0035,0.0244,2.0,13.0,64.0,128.0,6.0,2.0,74.9,96.9,37.0,142.3,15.5,0.91,0.0329,0.0157,0.0138,0.0,0.0,65535.0,65535.0,4351.0,1952.0,0
NORM-0112,80.0,443.0,0.1979,29.0,11180.0,6459.0,1613.0,9.14,5.08,43788.76,31514.24,67.59,65.38,0.0284,0.0148,11.0,9.0,64.0,128.0,6.0,2.0,77.1,97.0,37.1,128.7,14.6,0.61,0.0617,0.0213,0.0127,0.0,0.0,65535.0,65535.0,4186.0,4100.0,0
NORM-0050,443.0,80.0,0.0707,27.0,5874.0,3001.0,2147.0,20.26,8.93,44529.91,41905.33,78.97,80.41,0.0067,0.0314,6.0,2.0,64.0,255.0,6.0,2.0,71.6,98.9,37.0,127.8,14.2,0.93,0.0327,0.0382,0.0252,0.0,0.0,65535.0,65535.0,4595.0,4069.0,0
NORM-0036,443.0,443.0,0.7015,19.0,10520.0,755.0,2640.0,28.87,9.85,5847.3,34154.2,227.4,112.84,0.0109,0.0101,7.0,8.0,64.0,128.0,6.0,2.0,71.6,96.2,36.4,127.2,16.1,0.57,0.0177,0.0138,0.0153,0.0,0.0,65535.0,65535.0,1700.0,3871.0,0
NORM-0081,443.0,80.0,0.1499,36.0,12306.0,444.0,2893.0,18.26,18.24,2069.74,23665.87,125.52,140.04,0.0059,0.0394,12.0,14.0,64.0,64.0,6.0,2.0,79.7,98.7,37.0,123.0,15.8,0.77,0.0787,0.0065,0.0206,0.0,0.0,65535.0,65535.0,4807.0,2825.0,0
NORM-0078,80.0,20611.0,7.217,26.0,971.0,7035.0,5435.0,29.26,25.74,48564.8,25214.23,74.85,221.46,0.0311,0.0311,7.0,6.0,128.0,128.0,6.0,2.0,69.5,98.6,36.4,130.3,12.2,1.02,0.0457,0.0159,0.0389,0.0,0.0,65535.0,65535.0,826.0,3718.0,0
NORM-0035,53.0,35469.0,0.4884,24.0,2285.0,6317.0,6366.0,26.64,23.15,5893.26,9993.48,201.28,64.4,0.049,0.0195,12.0,11.0,255.0,255.0,6.0,2.0,73.0,97.1,38.1,128.5,14.6,1.0,0.0755,0.0214,0.0119,0.0,0.0,65535.0,65535.0,1822.0,2010.0,0
NORM-0115,80.0,443.0,0.9868,19.0,5472.0,3968.0,4019.0,10.55,4.58,47126.98,5765.56,84.1,87.84,0.0491,0.0313,10.0,9.0,128.0,255.0,6.0,2.0,64.7,99.4,37.2,110.0,17.0,0.83,0.0752,0.0102,0.0399,0.0,0.0,65535.0,65535.0,2514.0,2019.0,0
NORM-0008,80.0,80.0,2.1262,39.0,13449.0,2097.0,6296.0,17.97,11.58,38828.61,30113.1,130.99,77.95,0.0376,0.0139,1.0,14.0,255.0,64.0,6.0,2.0,85.2,98.9,36.7,116.2,18.9,0.68,0.0317,0.0322,0.039,0.0,0.0,65535.0,65535.0,2596.0,2603.0,0
NORM-0044,443.0,53.0,1.2784,19.0,4460.0,3909.0,4267.0,15.25,9.25,40986.74,38865.08,91.86,61.43,0.0175,0.0401,2.0,12.0,64.0,64.0,6.0,2.0,70.4,96.4,36.7,104.1,14.2,0.88,0.0396,0.0267,0.0377,0.0,0.0,65535.0,65535.0,1590.0,4907.0,0
NORM-0071,35080.0,53.0,1.9403,9.0,9758.0,3510.0,6222.0,20.96,16.53,35924.73,20685.28,125.75,148.85,0.0093,0.04,11.0,4.0,128.0,64.0,6.0,2.0,83.8,98.9,36.3,126.7,14.5,0.76,0.0636,0.0158,0.0126,0.0,0.0,65535.0,65535.0,2371.0,3506.0,0
NORM-0099,80.0,443.0,0.3497,13.0,6102.0,7382.0,6631.0,17.63,9.64,6181.76,15885.44,214.99,132.84,0.0389,0.0403,9.0,2.0,255.0,128.0,6.0,2.0,64.1,97.4,37.2,118.7,16.1,0.94,0.0487,0.0124,0.0337,0.0,0.0,65535.0,65535.0,3456.0,2593.0,0
NORM-0121,53.0,443.0,1.0665,22.0,4067.0,1539.0,6903.0,22.65,18.83,1244.26,9109.64,180.75,132.15,0.0463,0.0385,7.0,7.0,128.0,255.0,6.0,2.0,61.2,97.6,36.7,113.9,20.6,0.84,0.0168,0.0277,0.0324,0.0,0.0,65535.0,65535.0,3115.0,3150.0,0
NORM-0084,80.0,443.0,3.0134,20.0,2656.0,2654.0,5725.0,28.42,18.56,35807.6,32397.81,248.63,124.89,0.009,0.0264,12.0,8.0,255.0,64.0,6.0,2.0,79.7,96.0,37.0,118.0,15.3,0.64,0.0268,0.0146,0.0061,0.0,0.0,65535.0,65535.0,1890.0,1540.0,0
ATTK-0003,3128.0,80.0,41.118,2461.0,1948015.0,1223467.0,47002.0,639.27,6.1,1330754.31,35082.36,1461.68,33.61,0.6053,0.7452,28.0,25.0,32.0,255.0,6.0,1.0,74.9,96.3,37.5,138.9,18.9,1.02,0.8024,0.4156,0.2822,8.0,2.0,1024.0,1024.0,8760.0,2554.0,1
ATTK-0004,80.0,22.0,0.3113,13.0,1126.0,805.0,27381.0,15.68,5.41,31191.56,39445.94,104.81,428.14,0.6956,0.3067,2.0,8.0,64.0,32.0,6.0,1.0,79.8,97.1,36.6,128.8,19.3,1.07,0.55,0.3009,0.4931,9.0,2.0,1024.0,1024.0,7487.0,425.0,1
NORM-0090,443.0,80.0,4.1496,44.0,11760.0,527.0,2900.0,19.69,27.19,26577.03,41031.09,210.8,71.16,0.022,0.0352,8.0,14.0,255.0,128.0,6.0,2.0,86.2,98.0,36.8,120.1,15.8,0.75,0.0709,0.027,0.0264,0.0,0.0,65535.0,65535.0,2342.0,3821.0,0
NORM-0009,80.0,443.0,0.657,18.0,2671.0,536.0,4872.0,8.05,16.15,35018.86,26569.13,97.96,212.78,0.0361,0.0372,12.0,2.0,128.0,64.0,6.0,2.0,75.9,97.4,36.7,130.0,17.1,1.05,0.0301,0.0374,0.0059,0.0,0.0,65535.0,65535.0,3065.0,2864.0,0
NORM-0014,443.0,53.0,4.6588,42.0,2675.0,7639.0,4454.0,7.38,21.42,5140.17,42181.35,86.11,242.19,0.0402,0.0301,7.0,11.0,255.0,255.0,6.0,2.0,63.9,96.9,36.3,113.3,16.6,1.02,0.0501,0.0213,0.0233,0.0,0.0,65535.0,65535.0,3693.0,3866.0,0
NORM-0120,53.0,53.0,0.3238,20.0,1928.0,6161.0,5355.0,12.32,25.34,38341.58,31720.37,112.94,194.7,0.0475,0.0055,9.0,5.0,128.0,64.0,6.0,2.0,69.4,98.6,35.9,109.8,17.1,0.87,0.0287,0.0351,0.0261,0.0,0.0,65535.0,65535.0,3274.0,2014.0,0
NORM-0126,80.0,443.0,1.0376,25.0,5231.0,6300.0,6882.0,29.11,7.42,36031.29,27435.42,191.22,78.28,0.0102,0.0048,12.0,9.0,64.0,255.0,6.0,2.0,66.7,98.5,37.0,109.8,15.0,0.97,0.0355,0.0052,0.0228,0.0,0.0,65535.0,65535.0,3199.0,4697.0,0
NORM-0004,443.0,80.0,1.2316,12.0,8709.0,4238.0,5573.0,21.61,13.75,40887.0,8346.81,64.32,77.11,0.0364,0.0236,11.0,3.0,255.0,128.0,6.0,2.0,75.8,98.4,37.1,119.0,15.2,0.84,0.0353,0.0081,0.0091,0.0,0.0,65535.0,65535.0,1826.0,4817.0,0
NORM-0018,80.0,443.0,0.6545,33.0,7964.0,4502.0,5318.0,20.75,24.43,8605.44,33323.33,96.68,111.44,0.0358,0.049,11.0,9.0,128.0,64.0,6.0,2.0,63.7,96.1,36.7,101.7,17.9,0.76,0.0228,0.0393,0.021,0.0,0.0,65535.0,65535.0,2806.0,3963.0,0
NORM-0039,8080.0,54845.0,0.2488,21.0,8672.0,7694.0,1770.0,11.33,4.72,6828.71,41341.33,121.09,175.54,0.0238,0.0206,8.0,8.0,128.0,64.0,6.0,2.0,48.6,98.9,35.3,102.8,16.9,0.92,0.0339,0.0068,0.017,0.0,0.0,65535.0,65535.0,474.0,4013.0,0
NORM-0073,8080.0,53.0,1.3025,44.0,11272.0,1312.0,874.0,17.89,15.56,46162.56,22714.29,148.98,242.82,0.0231,0.0099,6.0,4.0,64.0,64.0,6.0,2.0,71.9,97.5,36.7,101.5,15.3,0.8,0.0208,0.0379,0.0109,0.0,0.0,65535.0,65535.0,2128.0,3207.0,0
ATTK-0005,3128.0,22.0,0.6786,7.0,936.0,90.0,30141.0,13.94,4.57,2501.38,18535.9,1320.87,181.6,0.5593,0.6174,18.0,8.0,32.0,255.0,17.0,1.0,165.0,72.0,34.5,65.0,6.0,2.8,0.1281,0.4959,0.402,6.0,9.0,1024.0,1024.0,2029.0,4516.0,1
NORM-0007,24485.0,1663.0,0.8714,19.0,8667.0,2799.0,1116.0,21.81,10.75,33311.71,32987.76,206.04,80.47,0.0459,0.0123,4.0,1.0,64.0,128.0,6.0,2.0,89.0,98.9,37.1,111.0,17.9,0.91,0.0461,0.014,0.0378,0.0,0.0,65535.0,65535.0,1067.0,990.0,0
NORM-0113,53.0,443.0,1.2355,28.0,7371.0,1936.0,5854.0,22.1,19.44,32841.54,12900.68,130.63,68.68,0.0396,0.0222,8.0,7.0,255.0,64.0,6.0,2.0,66.7,98.1,37.2,123.8,16.2,0.85,0.0366,0.0201,0.0335,0.0,0.0,65535.0,65535.0,2176.0,1740.0,0
NORM-0101,80.0,63128.0,4.7284,43.0,12573.0,2337.0,4566.0,20.5,19.34,34834.28,1725.22,242.04,171.26,0.0393,0.0195,5.0,1.0,255.0,128.0,6.0,2.0,72.9,97.5,37.4,120.0,17.6,0.74,0.0324,0.0153,0.024,0.0,0.0,65535.0,65535.0,1363.0,2596.0,0
NORM-0003,80.0,443.0,0.251,36.0,10240.0,3983.0,5054.0,24.52,15.01,28868.32,7151.07,81.76,187.0,0.0241,0.0287,2.0,11.0,128.0,128.0,6.0,2.0,76.7,98.0,37.1,116.5,15.1,0.98,0.0386,0.0349,0.0132,0.0,0.0,65535.0,65535.0,4144.0,479.0,0
NORM-0064,80.0,41626.0,0.4763,10.0,12644.0,423.0,4896.0,9.8,8.21,40787.42,12647.32,233.52,86.61,0.0342,0.0409,6.0,4.0,255.0,64.0,6.0,2.0,62.7,96.9,37.1,104.1,16.1,0.82,0.064,0.0182,0.0342,0.0,0.0,65535.0,65535.0,4237.0,1222.0,0
NORM-0055,443.0,443.0,0.8549,26.0,5686.0,1811.0,1038.0,28.68,13.72,40639.51,43874.35,75.34,183.82,0.0437,0.0321,6.0,7.0,64.0,128.0,6.0,2.0,75.5,97.9,36.4,143.1,16.7,0.74,0.0311,0.0366,0.0066,0.0,0.0,65535.0,65535.0,1692.0,4692.0,0
NORM-0127,443.0,80.0,0.4098,8.0,1619.0,7930.0,931.0,23.18,24.74,8021.64,13686.02,97.06,65.1,0.0281,0.0353,4.0,10.0,255.0,128.0,6.0,2.0,77.5,96.3,36.9,125.6,15.9,0.91,0.0742,0.0277,0.0375,0.0,0.0,65535.0,65535.0,4271.0,2200.0,0
NORM-0051,80.0,52719.0,0.5231,27.0,7810.0,2602.0,6807.0,14.52,13.54,29652.88,6634.31,121.01,96.71,0.0061,0.0434,1.0,9.0,128.0,128.0,6.0,2.0,67.8,97.5,36.8,115.9,12.4,0.82,0.033,0.0208,0.0249,0.0,0.0,65535.0,65535.0,2041.0,2416.0,0
NORM-0116,53.0,20331.0,0.0251,23.0,13904.0,3389.0,4147.0,22.61,7.58,27135.98,30634.6,146.69,89.45,0.013,0.0429,13.0,1.0,64.0,255.0,6.0,2.0,84.6,96.0,36.9,116.6,14.2,0.63,0.0579,0.0256,0.0178,0.0,0.0,65535.0,65535.0,1843.0,3546.0,0
NORM-0047,18339.0,53.0,2.7925,9.0,2117.0,3617.0,3003.0,23.44,10.18,37864.12,23183.86,202.55,148.29,0.019,0.0117,9.0,3.0,128.0,255.0,6.0,2.0,77.5,96.3,36.6,130.2,18.1,0.88,0.0793,0.0098,0.0279,0.0,0.0,65535.0,65535.0,1061.0,2353.0,0
ATTK-0008,4444.0,80.0,16.6917,6387.0,1278636.0,1838610.0,30530.0,1187.94,19.45,8278296.53,37890.89,921.96,102.64,0.4575,0.624,21.0,16.0,64.0,64.0,17.0,1.0,97.8,96.1,37.1,123.5,21.3,0.83,0.7701,0.268,0.0719,19.0,0.0,1024.0,1024.0,309.0,2393.0,1
NORM-0062,443.0,80.0,0.2598,16.0,7438.0,3009.0,2987.0,11.02,22.04,16378.49,13003.39,84.87,143.38,0.0158,0.0191,13.0,4.0,128.0,255.0,6.0,2.0,66.3,97.7,36.7,100.7,13.5,0.44,0.0723,0.0368,0.0327,0.0,0.0,65535.0,65535.0,1922.0,2412.0,0
ATTK-0016,4444.0,22.0,1.521,19.0,1788.0,1290.0,44991.0,36.78,16.23,46766.82,24022.77,964.66,267.17,0.6883,0.3735,25.0,21.0,255.0,255.0,17.0,1.0,42.0,72.0,34.5,195.0,6.0,-1.2,0.7055,0.4713,0.4581,9.0,5.0,1024.0,1024.0,6617.0,2916.0,1
NORM-0080,2672.0,53.0,2.9374,9.0,7138.0,6487.0,6689.0,21.27,6.78,44369.56,22527.67,86.91,89.01,0.0347,0.0033,8.0,5.0,128.0,64.0,6.0,2.0,68.6,97.5,36.7,116.9,16.2,1.1,0.0362,0.0278,0.0088,0.0,0.0,65535.0,65535.0,2183.0,266.0,0
NORM-0060,52703.0,53.0,5.2537,41.0,6880.0,3866.0,4610.0,26.41,19.15,18036.01,30151.3,187.65,242.51,0.0192,0.0218,9.0,12.0,128.0,128.0,6.0,2.0,61.7,97.6,36.2,102.3,16.2,1.02,0.0539,0.0312,0.0363,0.0,0.0,65535.0,65535.0,3715.0,1508.0,0
NORM-0092,80.0,53.0,3.4596,19.0,11542.0,2002.0,3512.0,17.15,14.47,16907.54,23955.43,141.92,173.65,0.045,0.0498,12.0,2.0,128.0,128.0,6.0,2.0,70.4,97.2,37.1,126.1,15.6,0.57,0.0743,0.0061,0.0073,0.0,0.0,65535.0,65535.0,327.0,2135.0,0
NORM-0042,80.0,53.0,1.4526,35.0,10213.0,2718.0,530.0,13.16,8.75,39129.42,38867.74,106.87,186.89,0.0073,0.0145,11.0,2.0,64.0,64.0,6.0,2.0,74.7,99.2,37.0,126.2,11.8,0.8,0.0527,0.0139,0.0269,0.0,0.0,65535.0,65535.0,507.0,1738.0,0
NORM-0059,8080.0,443.0,1.0749,41.0,3197.0,5834.0,6582.0,9.7,6.58,25384.74,23860.18,156.56,142.97,0.0497,0.0248,8.0,7.0,255.0,128.0,6.0,2.0,74.9,98.1,37.4,118.6,16.6,1.2,0.0428,0.0364,0.0216,0.0,0.0,65535.0,65535.0,3642.0,489.0,0
NORM-0091,39139.0,34872.0,0.0075,11.0,8697.0,5788.0,1827.0,26.51,19.56,21590.9,9276.59,124.41,193.72,0.011,0.0056,7.0,13.0,255.0,255.0,6.0,2.0,64.8,97.0,37.3,111.9,13.2,0.99,0.0309,0.0064,0.0305,0.0,0.0,65535.0,65535.0,3160.0,407.0,0
NORM-0049,443.0,53.0,5.13,39.0,1738.0,3153.0,407.0,10.31,25.47,32668.25,8566.26,229.15,149.29,0.0243,0.0468,7.0,1.0,128.0,64.0,6.0,2.0,87.7,96.7,36.4,134.8,13.9,0.65,0.0396,0.0112,0.0097,0.0,0.0,65535.0,65535.0,3327.0,4329.0,0
NORM-0089,80.0,36573.0,0.1837,25.0,10814.0,5054.0,843.0,5.97,19.69,17611.78,29840.21,77.86,240.47,0.0377,0.0439,7.0,2.0,255.0,64.0,6.0,2.0,88.1,97.9,37.1,110.7,14.0,0.86,0.037,0.0119,0.0142,0.0,0.0,65535.0,65535.0,1674.0,3209.0,0
NORM-0108,53.0,80.0,2.9978,19.0,4065.0,3078.0,1524.0,21.07,27.33,13115.57,11985.5,86.5,223.51,0.0121,0.0257,8.0,14.0,128.0,64.0,6.0,2.0,64.4,97.8,37.0,109.9,14.6,0.8,0.0619,0.0325,0.0098,0.0,0.0,65535.0,65535.0,966.0,2088.0,0
NORM-0125,16119.0,443.0,0.0421,18.0,11043.0,4245.0,5422.0,26.08,5.36,39068.45,17567.7,117.63,92.87,0.0498,0.0041,4.0,12.0,128.0,128.0,6.0,2.0,59.4,98.5,37.3,111.4,16.0,0.59,0.0348,0.0093,0.0115,0.0,0.0,65535.0,65535.0,2517.0,1792.0,0
NORM-0022,80.0,443.0,0.3383,25.0,3125.0,5807.0,1494.0,25.91,27.74,28242.5,37919.07,248.16,86.9,0.023,0.0202,5.0,2.0,255.0,255.0,6.0,2.0,74.1,97.6,36.7,110.6,15.1,0.92,0.0263,0.0152,0.0222,0.0,0.0,65535.0,65535.0,4978.0,3014.0,0
NORM-0058,80.0,443.0,0.3679,13.0,3570.0,1529.0,4152.0,27.81,16.89,31673.49,9882.16,212.11,177.38,0.0433,0.0475,2.0,5.0,64.0,64.0,6.0,2.0,89.8,97.5,37.2,120.3,15.6,0.82,0.0228,0.0162,0.0279,0.0,0.0,65535.0,65535.0,1036.0,3429.0,0
ATTK-0013,3128.0,443.0,49.3294,1306.0,609842.0,724968.0,13886.0,734.38,6.25,368868.54,40883.75,281.16,44.87,0.6169,0.3125,24.0,7.0,64.0,32.0,6.0,1.0,94.8,97.4,36.5,133.9,20.6,1.05,0.1663,0.1213,0.2377,13.0,8.0,1024.0,1024.0,5379.0,333.0,1
NORM-0130,80.0,80.0,1.4921,15.0,1410.0,433.0,923.0,22.4,5.72,24377.06,15902.61,103.34,95.87,0.0384,0.0476,5.0,2.0,255.0,255.0,6.0,2.0,61.6,98.2,37.2,115.8,14.9,1.02,0.0473,0.0163,0.0087,0.0,0.0,65535.0,65535.0,3249.0,3390.0,0
NORM-0038,16049.0,443.0,0.2181,32.0,6672.0,867.0,3369.0,11.13,21.05,42715.4,39481.31,124.47,160.86,0.0132,0.013,5.0,3.0,64.0,255.0,6.0,2.0,73.0,98.7,36.7,138.8,15.7,0.91,0.0404,0.0096,0.0094,0.0,0.0,65535.0,65535.0,1076.0,4770.0,0
ATTK-0009,80.0,80.0,1.6009,14.0,1254.0,404.0,35909.0,8.57,6.77,44495.38,27432.86,1331.12,128.12,0.2975,0.4032,18.0,13.0,64.0,255.0,17.0,1.0,165.0,78.0,41.2,65.0,38.0,-1.2,0.5426,0.2048,0.2837,6.0,2.0,1024.0,1024.0,443.0,4005.0,1
NORM-0002,80.0,80.0,0.1156,28.0,2990.0,6049.0,4908.0,23.62,27.22,16965.44,17300.23,149.22,96.0,0.0074,0.0243,5.0,4.0,128.0,255.0,6.0,2.0,77.9,98.9,36.3,125.4,14.7,0.88,0.0371,0.0151,0.0289,0.0,0.0,65535.0,65535.0,3256.0,870.0,0
NORM-0053,8080.0,443.0,2.0061,13.0,12900.0,2220.0,3676.0,16.64,4.13,39545.84,15551.51,226.97,130.88,0.0287,0.0142,10.0,3.0,128.0,255.0,6.0,2.0,55.0,97.9,37.1,104.2,14.7,0.68,0.0516,0.0357,0.0181,0.0,0.0,65535.0,65535.0,762.0,685.0,0
NORM-0131,80.0,80.0,0.258,13.0,3508.0,6772.0,4615.0,20.71,14.11,5418.43,20068.45,127.02,196.89,0.0294,0.0251,4.0,7.0,64.0,255.0,6.0,2.0,72.7,97.7,36.1,122.6,14.8,0.71,0.0279,0.04,0.0302,0.0,0.0,65535.0,65535.0,1810.0,427.0,0
NORM-0104,8080.0,46543.0,0.1178,11.0,2847.0,3911.0,4453.0,10.81,19.99,18209.92,40012.4,215.66,153.64,0.0389,0.0143,2.0,7.0,64.0,64.0,6.0,2.0,83.5,98.9,36.9,120.5,18.7,1.1,0.0752,0.025,0.0198,0.0,0.0,65535.0,65535.0,3627.0,2889.0,0
NORM-0100,80.0,53.0,4.1998,26.0,12573.0,5843.0,2229.0,6.33,26.57,46916.07,24426.27,182.04,147.89,0.0216,0.0069,4.0,2.0,255.0,64.0,6.0,2.0,61.5,96.5,36.3,113.0,14.5,0.78,0.0494,0.0179,0.0269,0.0,0.0,65535.0,65535.0,1600.0,4578.0,0
NORM-0117,8080.0,443.0,3.0146,34.0,13323.0,7427.0,4801.0,16.79,11.72,5208.42,11763.59,62.13,247.46,0.0119,0.0409,14.0,3.0,128.0,64.0,6.0,2.0,74.4,97.1,37.1,131.4,16.0,0.9,0.0644,0.0102,0.037,0.0,0.0,65535.0,65535.0,4018.0,2685.0,0
NORM-0088,443.0,53.0,0.6728,22.0,14106.0,2385.0,6305.0,9.65,11.76,29794.11,32594.74,144.1,89.7,0.0061,0.05,11.0,7.0,64.0,255.0,6.0,2.0,77.1,99.2,37.3,148.1,12.6,0.74,0.032,0.0174,0.0208,0.0,0.0,65535.0,65535.0,3739.0,2197.0,0
NORM-0075,8080.0,16607.0,3.8985,43.0,4621.0,686.0,2517.0,18.68,17.46,25769.64,29013.49,137.58,202.34,0.0173,0.0172,8.0,2.0,128.0,64.0,6.0,2.0,60.0,97.6,36.0,120.3,13.8,0.79,0.0321,0.0112,0.028,0.0,0.0,65535.0,65535.0,4480.0,1520.0,0
NORM-0122,8080.0,53.0,0.2307,39.0,3861.0,4233.0,2181.0,19.94,14.61,12979.32,39843.61,131.05,144.75,0.0211,0.0099,3.0,11.0,64.0,128.0,6.0,2.0,69.3,99.4,37.1,139.7,12.9,0.81,0.0336,0.0264,0.0263,0.0,0.0,65535.0,65535.0,3911.0,1483.0,0
ATTK-0018,4444.0,80.0,0.2224,7.0,695.0,433.0,40357.0,39.71,10.74,17180.84,33271.46,953.36,471.14,0.7709,0.5605,2.0,20.0,255.0,64.0,17.0,1.0,180.0,84.0,41.2,65.0,6.0,2.8,0.7064,0.4828,0.0882,10.0,8.0,1024.0,1024.0,2834.0,4668.0,1
NORM-0021,80.0,443.0,2.3396,38.0,1589.0,990.0,2252.0,13.35,8.15,16380.78,33678.47,62.79,217.16,0.043,0.0192,10.0,3.0,64.0,128.0,6.0,2.0,60.0,97.3,36.6,144.2,16.9,0.77,0.0581,0.0297,0.0186,0.0,0.0,65535.0,65535.0,4643.0,3276.0,0
NORM-0072,42987.0,80.0,1.8828,17.0,4915.0,2978.0,4058.0,20.55,18.65,31553.77,6943.51,191.77,188.2,0.0344,0.0046,11.0,7.0,64.0,128.0,6.0,2.0,62.3,96.8,36.4,148.1,15.1,0.86,0.0431,0.0225,0.0267,0.0,0.0,65535.0,65535.0,3662.0,4654.0,0
NORM-0107,51599.0,53.0,1.9589,32.0,12168.0,4829.0,6034.0,8.84,17.98,14980.29,33523.58,105.37,187.57,0.0135,0.026,3.0,14.0,128.0,128.0,6.0,2.0,72.0,99.5,37.3,116.7,15.6,0.95,0.0582,0.0236,0.0186,0.0,0.0,65535.0,65535.0,3706.0,4099.0,0
NORM-0015,53.0,80.0,2.3615,13.0,14023.0,6822.0,1190.0,7.93,6.11,33235.3,19418.77,207.12,187.53,0.0173,0.045,12.0,11.0,128.0,64.0,6.0,2.0,65.1,97.1,36.7,123.8,18.0,0.69,0.0368,0.0305,0.0244,0.0,0.0,65535.0,65535.0,4755.0,4693.0,0
NORM-0093,80.0,80.0,0.3817,12.0,8945.0,3595.0,3686.0,19.51,13.04,41511.36,7097.54,141.39,191.05,0.0435,0.0191,8.0,8.0,128.0,64.0,6.0,2.0,75.6,96.2,37.3,115.7,18.3,0.99,0.0704,0.0342,0.0081,0.0,0.0,65535.0,65535.0,1643.0,314.0,0
NORM-0103,52700.0,443.0,0.4509,22.0,1169.0,2581.0,5918.0,6.92,8.67,1190.81,20591.3,123.53,91.54,0.0231,0.0207,12.0,11.0,128.0,255.0,6.0,2.0,70.6,96.4,36.5,111.3,12.8,0.94,0.076,0.0383,0.0194,0.0,0.0,65535.0,65535.0,4215.0,3403.0,0
